{"timestamp": "2025-01-14 19:52:00", "temperature": 25.160000000000004, "humidity": 50.769999999999996}