{"timestamp": "2025-01-14 19:52:00", "temperature": 24.612000000000002, "humidity": 46.720000000000006}