{"timestamp": "2025-01-14 19:52:00", "temperature": 23.612000000000002, "humidity": 50.800000000000004}